Carrera,Lugar,Partida,Caballo,Padrillo,Stud,PF,Jinete,Peso Jinete,Preparador,Distancia (cpos.),Índice,Dividendo
1,1º,10,PERFECTA ACTITUD,DYLAN THOMAS,TU PAIRE,"444Kg",JOSE VILLABLANCA,58 Kg,HARRISON ADONIS,Ganador,4,24.5
1,2º,3,NO HAY ADIOS,BAD DADDY,GUERRERO DE LA VIDA,"426Kg",BASTIAN SOTO,56 Kg,RAUL MONTESINO,Cbza.,3,155.7
1,3º,12,LITTLE GASPI,WAR COMMAND,ROXANITA,"501Kg",JESUS REYES,56 Kg,RAUL MONTESINO,"1 cpo.",2,26
1,4º,5,TANGO Y COMPAS,SEEKING THE DIA,BRISAS DE CAUTIN,"466Kg",WLADIMIR QUINTEROS,57 Kg,HECTOR MANRIQUEZ,"1 cpo.",2,14.7
1,5º,1,NO TIENE PALABRA,FLYER,SANTA EMPERATRIZ,"424Kg",JORGE VERA,56 Kg,RAUL MONTESINO,"2 1/4 cpos",1,17.6
1,6º,9,AGUILA DE FUEGO,GOOD SAMARITAN (USA),GUERRERO DE LA VIDA,"393Kg",RODOLFO FUENZALIDA,56 Kg,RAUL MONTESINO,"2 3/4 cpos.",1,132.1
1,7º,2,EL NENE,PAPELON,DI GIORGIO DICONE,"426Kg",AXEL ALVAREZ,57 Kg,CLAUDIO BERNAL,"2 3/4 cpos.",3,210.2
1,8º,4,EXTROVERTIDA,MASTERCRAFTSMAN,OSCARITO,"451Kg",IGNACIO VALDIVIA,56 Kg,HECTOR MANRIQUEZ,"2 3/4 cpos.",2,13.2
1,9º,6,VALLTTERI,WAR COMMAND,MONTESINO S. RAUL,"452Kg",NICOLAS MOLINA,56 Kg,RAUL MONTESINO,"5 1/2 cpos.",2,17.3
1,10º,14,RECHIFLAO,GSTAAD II,BERNAL G. ANDRES,"464Kg",RICARDO SOLORZA,57 Kg,ANDRES BERNAL,"6 1/2 cpos.",3,223.3
1,11º,15,MUY RESPETADA,FOREVER THING,SAGARDIA HNOS.,"391Kg",PIERO REYES P.,56 Kg,OSCAR SILVA G.,"8 cpos.",2,11.6
1,12º,7,LA FELIZ,DYLAN THOMAS,RULO,"440Kg",GERARD RODRIGUEZ,57 Kg,ALBERTO GONZALEZ,"9 3/4 cpos.",3,45.5
1,13º,8,MI PEQUEÑO SUEÑO,GOOD SAMARITAN (USA),MANOLITO MATIAS,"358Kg",CLAUDIO JORQUERA,57 Kg,OSCAR SILVA S.,"14 1/2 cpos.",3,2164.5
1,14º,13,VINNALIA,WAR COMMAND,JAQUE S ANGEL,"418Kg",MIGUEL GUTIERREZ,56 Kg,ANGEL JAQUE S.,"16 cpos.",2,148.5
1,RT,11,LUPO,ZAWRAQ (IRE),MONTESINO S. RAUL,"-",FRANCISCO MORALES,58 Kg,RAUL MONTESINO,-,-,-
2,1º,10,SEE YOU AGAIN,GOOD SAMARITAN (USA),POR TI NEGRITA,"504Kg",RONALD FOURNET,53 Kg,FELIPE GONZALEZ S.,Ganador,-,22.6
2,2º,5,MAMITA PININA,DISTORTED ECONOMY,EL DUKE,"418Kg",FABIAN MEDINA,52 Kg,DANIEL CONTRERAS,"1 3/4 cpos.",-1,5.3
2,3º,8,QUIEN ME PILLO,MIDSHIPMAN,EL MERO MERO,"437Kg",NICOLAS RAMIREZ,57 Kg,SERGIO MORALES,"4 cpos.",-1.5
2,4º,7,MOSASAURUS,DYLAN THOMAS,OLGUITA,"403Kg",JOSE SOLANO,57 Kg,OSCAR SILVA G.,"9 1/2 cpos.",-12.3
2,5º,4,CHOCO CHOCO,EXAGGERATOR,AIMANI,"401Kg",DARIEN CHEUQUE,51 Kg,PATRICIO LOPEZ,"9 1/2 cpos.",-17.9
2,6º,1,NOCHE DE PAINE,GET JETS,SAGARDIA HNOS.,"412Kg",PIERO REYES P.,55 Kg,OSCAR SILVA G.,"17 cpos.",-15.1
2,7º,3,DOÑA ISA,EXAGGERATOR,SILVA S. RODRIGO,"414Kg",FRANCO SANCHEZ,53 Kg,RODRIGO SILVA S.,"23 cpos.",-56.2
2,RT,6,PACIENCIA ETERNA,ANNUAL REPORT,JANYO,"-",N.N.,55 Kg,GABRIEL MELEJ,-,-1
2,RT,9,TURQUESA DORADA,DYLAN THOMAS,SAPNET STABLE,"-",JORGE VERA,55 Kg,WALESKA PEÑA,-,-1
2,RT,2,FRANBEL SOUR,FORWARD MARCH,CARLITRO,"-",N.N.,57 Kg,RICARDO ROJAS,-,-,-
3,1º,2,CHIANA,GRAND DADDY,HARAS MOCITO GUAPO,"471Kg",BERNARDO LEON,61 Kg,JOSE T. ALLENDE,Ganador,46,15.1
3,2º,6,ZIERVANA,ROBERT BRUCE,TIM BERO,"450Kg",IGNACIO VALDIVIA,52 Kg,HERNAN ULLOA,"3/4 cpos.",19,8.1
3,3º,4,QUANTO AMORE SEI,INTERNATIONAL STAR (USA),CARLA,"474Kg",JOAQUIN HERRERA,58 Kg,JOSE M. ALVAREZ D.,"2 3/4 cpos.",21,8.4
3,4º,5,MUCHOVA,GOOD SAMARITAN (USA),MATRIARCA,"450Kg",NICOLAS RAMIREZ,61 Kg,MARIO RABAJILLE D.,"3 1/4 cpos.",39,1.7
3,5º,8,LUZ OCULTA,MENDELSSOHN (USA),QUARTER DOLLAR,"458Kg",KEVIN ESPINA,60 Kg,MARIO COVARRUBIAS,"3 3/4 cpos.",31,7.6
3,6º,3,QUEEN TIGER,HANDSOME TIGER,EL CEDRO,"457Kg",RAFAEL CISTERNAS,58 Kg,JUAN CAVIERES,"4 3/4 cpos.",15,14.4
3,7º,1,SONRISA DULCE,SEEKING THE DIA,NONO,"468Kg",PEDRO ROBLES,56 Kg,JOHN PINOCHET,"5 1/2 cpos.",25,4.3
3,8º,7,LA CURURA,PALM SPRINGS (USA),LUIS HERNAN,"419Kg",HUGO OCHOA,52 Kg,DOMINGO MATTE,"7 1/2 cpos.",19,7.5
4,1º,11,EL BRUJO,FLAMEAWAY (CAN),VIGALU,"426Kg",GERARD RODRIGUEZ,57 Kg,CLAUDIO BERNAL,Ganador,-,10.1
4,2º,7,GO SUNSHINE GO,SPUN TO RUN (USA),AMIGOS,"463Kg",JORGE ZUÑIGA,57 Kg,JOSE M. ALVAREZ D.,Cbza.,-5.9
4,3º,12,GUACHACA,ROBERT BRUCE,ABUELA OCA,"414Kg",MAURICIO GALAZ,57 Kg,DANIEL CONTRERAS,Cbza.,-6.9
4,4º,2,ELON,FLAMEAWAY (CAN),TIM BERO,"438Kg",FABIAN MEDINA,53 Kg,HERNAN ULLOA,"1 1/2 cpos.",-4.7
4,5º,5,LIKE A PRAYER,ALFONSO (USA),HARAS CASABLANCA,"453Kg",DARIEN CHEUQUE,53 Kg,JOSE T. ALLENDE,"3 cpos.",-30.9
4,6º,9,LINDO RECUERDO,THE LUMBER GUY,STUD HARAS LIZZIE,"426Kg",HUGO OCHOA,57 Kg,RODRIGO SANCHEZ,"4 cpos.",-36.1
4,7º,8,IL MERLINO,PATTERNRECOGNITION,LAS TRES DAMAS,"436Kg",RODOLFO FUENZALIDA,57 Kg,RODRIGO MUÑOZ,"4 3/4 cpos.",-115.9
4,8º,13,TIO SALCHICHA,IMPERIA II,MANOLITO MATIAS,"448Kg",JESUS PIMENTEL,57 Kg,OSCAR SILVA S.,"5 cpos.",-98.2
4,9º,10,KINTSUGI,EL FARRERO,JOTABE,"417Kg",WLADIMIR QUINTEROS,57 Kg,RODRIGO SILVA S.,"7 cpos.",-90.6
4,10º,6,REY DE ASTURIAS,HIRABOKU DEEP (JAP),EL TORO BAYO,"451Kg",RONALD FOURNET,53 Kg,MIGUEL MEDINA,"7 1/2 cpos.",-19.7
4,11º,1,PARA TI DOCTOR,NEKO BAY,LOS QUE SABEN,"413Kg",PEDRO ROBLES,57 Kg,JOHN PINOCHET,"7 3/4 cpos.",-25.3
4,12º,4,LUPO VELOCE,VISCOUNT NELSON,EL GANCHITO,"453Kg",JOAQUIN HERRERA,57 Kg,ENRIQUE CARREÑO,"10 cpos.",-50.6
4,13º,3,OLIVETTO,IVAN DENISOVICH,I NONNI DI PIAMONTE,"436Kg",SEBASTIAN GONZALEZ,57 Kg,JOSE INDA DE LA C.,"11 cpos.",-1.6
5,1º,4,TENTADERO,MIDSHIPMAN,TONLEMO,"507Kg",IGNACIO VALDIVIA,56 Kg,PATRICIO BAEZA A.,Ganador,25,1.8
5,2º,5,MITOU,GOOD SAMARITAN (USA),MATRIARCA,"497Kg",NICOLAS RAMIREZ,56 Kg,MARIO RABAJILLE D.,V.P.,25,6.1
5,3º,6,RED DIAMOND,DIAMOND TYCOON,SOL DE NORUEGA,"501Kg",JORGE ZUÑIGA,51 Kg,ANDRES BERNAL,"1/2 cpo.",20,5.7
5,4º,3,VIVIR LA VIDA,FANTASMAGORICO,BUREO,"460Kg",GERARD RODRIGUEZ,56 Kg,ROBERTO TOLEDO M.,"5 1/2 cpos.",25,16
5,5º,2,STATE OF GRACE,STATE OF PLAY,CHARITO,"525Kg",KEVIN ESPINA,58 Kg,CRISTOBAL GONZALEZ M.,"6 1/4 cpos.",26,6.2
5,6º,1,REMARKABLE,ROBERT BRUCE,HARAS CONVENTO VIEJO,"495Kg",JAIME MEDINA,55 Kg,PATRICIO BAEZA A.,"6 1/2 cpos.",24,2.9
6,1º,5,FLYNG HEARTS,CONSTITUTION,STUD LA NONNA LTDA.,"515Kg",JOAQUIN HERRERA,56 Kg,CARLOS RABY,Ganador,32,2.7
6,2º,3,AMOR CLANDESTINO,FLAMEAWAY (CAN),PAOLA,"507Kg",JAIME MEDINA,53 Kg,PATRICIO BAEZA A.,"1 cpo.",32,6.2
6,3º,2,LUCA PAGURO,ROBERT BRUCE,EL CEDRO,"505Kg",RAFAEL CISTERNAS,57 Kg,JUAN CAVIERES,"1 1/4 cpos.",19,1.7
6,4º,1,SETANTA,MENDELSSOHN (USA),SCOTLAND,"499Kg",IGNACIO VALDIVIA,51 Kg,PATRICIO BAEZA A.,"2 1/4 cpos",25,6.5
6,5º,4,SOBERANO REY,MIDSHIPMAN,STUD DROPE,"461Kg",ANYELO RIVERA,55 Kg,JULIO ORELLANA,"3 1/4 cpos.",26,5.4
7,1º,8,VITRUVIUS,ROBERT BRUCE,ODISEA,"502Kg",SEBASTIAN GONZALEZ,57 Kg,JORGE A. INDA DE LA C.,Ganador,-,2.3
7,2º,3,VAMOS A BAILAR,PATTERNRECOGNITION,ALONMATE,"512Kg",JORGE VERA,56 Kg,MANUEL VELARDE,"1 1/4 cpos.",-27.1
7,3º,1,KILAN,VISCOUNT NELSON,SAGARDIA HNOS.,"455Kg",JOSE SOLANO,57 Kg,OSCAR SILVA G.,"3 cpos.",-7.6
7,4º,10,LUQUITAS,SPUN TO RUN (USA),CHINIGUE,"418Kg",JOSE VILLABLANCA,57 Kg,CLAUDIO BERNAL,"4 1/2 cpos.",-40.6
7,5º,5,NO SE NA,THE LUMBER GUY,STUD HARAS LIZZIE,"445Kg",JORGE ZUÑIGA,57 Kg,JOSE M. ALVAREZ D.,"6 3/4 cpos.",-3.2
7,6º,7,CATANZARO,GOOD SAMARITAN (USA),EL MERO MERO,"411Kg",RODRIGO PAINEN,57 Kg,JOSE ARAYA B.,"7 cpos.",-24.1
7,7º,14,MANO DE PIEDRA,INTERNATIONAL STAR (USA),KDM,"508Kg",PEDRO ROBLES,57 Kg,JOHN PINOCHET,"7 cpos.",-3.5
7,8º,2,ALFONSO EL GRANDE,ALFONSO (USA),TATA MENGHINI,"466Kg",FABIAN MEDINA,53 Kg,CLAUDIO BERNAL,"7 cpos.",-45.7
7,9º,9,PAR DE VIDAS,FELIZ DE LA VIDA,BOTAFOGO,"420Kg",VICTOR MIRANDA,57 Kg,OSCAR SILVA S.,"10 1/2 cpos.",-13.6
7,10º,6,VOY A PALERMO,FORWARD MARCH,MASAIVA,"-",RONALD FOURNET,53 Kg,JORGE INDA M.,"10 1/2 cpos.",-18.7
7,11º,11,TE ANDAN BUSCANDO,PALM SPRINGS (USA),DON SANTIAGO,"462Kg",JESUS REYES,56 Kg,MIGUEL MEDINA,"11 1/2 cpos.",-170.4
7,12º,13,WILWITON,FALLEN FROM HEAVEN,CHOTOMORO,"385Kg",JUAN M. SOTO,57 Kg,ALBERTO GONZALEZ,"14 3/4 cpos.",10,380.8
7,13º,4,TE FUISTE,FORWARD MARCH,MASAIVA,"427Kg",WLADIMIR QUINTEROS,57 Kg,OLIVERIO MARTINEZ,"16 cpos.",11,64.6
7,RT,12,HOVLAND,DUBAI SKY,EL ROSARINO,"-",DARIEN CHEUQUE,53 Kg,MARIO RABAJILLE D.,-,-,-
8,1º,3,PEDERNERA,FLAMEAWAY (CAN),ANY,"487Kg",JAIME MEDINA,59 Kg,RODRIGO SANCHEZ,Ganador,39,6.8
8,2º,2,KNESEET,PRACTICAL JOKE,LAS TRES DAMAS,"465Kg",NICOLAS RAMIREZ,61 Kg,RODRIGO MUÑOZ,"2 1/4 cpos",44,4
8,3º,1,SEE ME,CLOUD COMPUTING,MILLAR M PATRICIO,"514Kg",JESUS PIMENTEL,51 Kg,HERNAN ULLOA,"3 1/2 cpos.",29,7.4
8,4º,7,SALTO DEL CEREZO,MENDELSSOHN (USA),POR TI NEGRITA,"456Kg",JORGE A. GONZALEZ,61 Kg,SERGIO MORALES,"4 3/4 cpos.",42,3.1
8,5º,6,STRAY KIDS,TOURIST,ALDEDO,"474Kg",IGNACIO VALDIVIA,51 Kg,ALDO PARRA D.,"6 1/4 cpos.",29,8.9
8,6º,8,QUMRAM,SWEET SORREL,LOS BAMBINOS,"494Kg",JORGE ZUÑIGA,52 Kg,SERGIO MORALES,"6 1/2 cpos.",30,4.4
8,7º,4,MALANDRO,MENDELSSOHN (USA),CARNES OLY,"442Kg",JESUS TORO,51 Kg,GENARO COVARRUBIAS,"9 1/2 cpos.",30,22.9
8,8º,9,NA NI NA,COMPETITIVE EDGE,BARROS NEGROS,"477Kg",RODOLFO S. DORES,58 Kg,DOMINGO MATTE,"10 3/4 cpos.",37,6.9
8,9º,5,TINTO DE VERANO,VAN NISTELROOY,MILLAR M PATRICIO,"439Kg",RAFAEL CISTERNAS,59 Kg,CRISTIAN URBINA,"16 1/4 cpos.",39,27.4
9,1º,7,CABIN CASSIA,LOOKIN AT LUCKY,STUD LA NONNA LTDA.,"466Kg",JAIME MEDINA,55 Kg,PATRICIO BAEZA A.,Ganador,14,10.1
9,2º,5,DOÑA SAURI,LOOKIN AT LUCKY,LEGACY,"461Kg",HUGO OCHOA,55 Kg,JOSE ARAYA B.,"1 3/4 cpos.",24,1.7
9,3º,1,ODESSA,FLYER,ETIQUETA NEGRA,"462Kg",RODOLFO S. DORES,55 Kg,GUILLERMO AGUIRRE,"3 1/4 cpos.",15,25.8
9,4º,6,PODEROSA NOBLEZA,ALFONSO (USA),EL GRAN JOSE,"447Kg",GONZALO ULLOA,56 Kg,WALESKA PEÑA,"6 cpos.",15,11.6
9,5º,2,SKY ARMY,DUBAI SKY,IDENTIC,"491Kg",OSCAR ULLOA,56 Kg,PATRICIO BAEZA A.,"8 3/4 cpos",24,2.8
9,6º,3,MI MAMA INES,CLASSIC EMPIRE (USA),BOTAFOGO,"438Kg",IGNACIO VALDIVIA,55 Kg,GUILLERMO AGUIRRE,"9 cpos.",18,5.5
9,7º,4,LA MATEA,ROBERT BRUCE,KDM,"460Kg",PEDRO ROBLES,55 Kg,JOHN PINOCHET,"23 cpos.",20,15.3
9,8º,8,CRISTAL GINGER,HINZ,BUCAREST,"466Kg",SEBASTIAN GONZALEZ,55 Kg,JORGE A. INDA DE LA C.,"31 1/4 cpos.",15,26.8
10,1º,6,RED DADDY,GRAND DADDY,MILLAR M PATRICIO,"500Kg",NICOLAS MOLINA,53 Kg,ANDRES BERNAL,Ganador,10,27.9
10,2º,12,FLIGHT OF ICARUS,MIDSHIPMAN,TETITO IGNACIO,"456Kg",GERARD RODRIGUEZ,57 Kg,SERGIO MORALES,"1/2 cpo.",14,48
10,3º,11,DIAMOND ONE,MENDELSSOHN (USA),JOHN JOHN,"470Kg",JOAQUIN HERRERA,58 Kg,RODRIGO SANCHEZ,"1/2 cpo.",17,2.1
10,4º,8,MR YO,MR SPEAKER,CHARITO,"454Kg",MIGUEL GUTIERREZ,57 Kg,CRISTOBAL GONZALEZ M.,"1 cpo.",14,6.3
10,5º,1,KILIMANJARO (ARG),SOUTHERN CAT,LOS PINCHEIRA,"422Kg",NICOLAS RAMIREZ,55 Kg,CARLOS MELERO,"2 cpos",12,9.6
10,6º,2,RIO DE LAS MINAS,TOURIST,MAR Y SOL,"479Kg",AXEL ALVAREZ,58 Kg,CLAUDIO BERNAL,"4 cpos.",15,10
10,7º,4,ZULEIMAN (ARG),MASTERCRAFTSMAN,SAPNET STABLE,"472Kg",SEBASTIAN GONZALEZ,56 Kg,WALESKA PEÑA,"7 1/4 cpos.",13,31.2
10,8º,5,KORPER,MIDSHIPMAN,JOSE LUIS,"481Kg",RODOLFO FUENZALIDA,56 Kg,RAUL MONTESINO,"8 1/2 cpos.",13,28
10,9º,10,PATMAHO,GRAND DADDY,BENVIC,"523Kg",JORGE ZUÑIGA,56 Kg,JOSE ARAYA B.,"8 3/4 cpos",14,10.3
10,10º,9,SCAR,INTERNATIONAL STAR (USA),KAROLO,"479Kg",RODOLFO S. DORES,56 Kg,JOSE M. ALVAREZ D.,"9 1/2 cpos.",13,6
10,11º,3,CHIVARO,CONSTITUTION,FRANCIA,"422Kg",BASTIAN SOTO,55 Kg,JOSE ARAYA B.,"14 1/2 cpos.",12,5.8
10,12º,7,CONDESSA LAK,GSTAAD II,ALONMATE,"490Kg",RODRIGO PAINEN,57 Kg,MANUEL VELARDE,"14 1/2 cpos.",14,24.9
11,1º,1,INDIAN POET,CONSTITUTION,BRUNO ALONSO,"503Kg",MAURICIO CHAMORRO,58 Kg,RAUL MONTESINO,Ganador,16,9.3
11,2º,7,PAROLACCIA,WAR COMMAND,KDM,"500Kg",NICOLAS RAMIREZ,57 Kg,GABRIEL MELEJ,"4 1/4 cpos",19,3.7
11,3º,4,DOCTORA MILAGRO,GOOD SAMARITAN (USA),MILLONARIO,"481Kg",HUGO OCHOA,54 Kg,DOMINGO MATTE,"4 3/4 cpos.",16,6.3
11,4º,5,GRAN KURU,EXAGGERATOR,SANTICO,"511Kg",JONATHAN A. CASTILLO,56 Kg,ALDO PARRA D.,"5 1/2 cpos.",18,3.2
11,5º,3,DUNHILL SMOKE,CUPID,BRUNO ALONSO,"472Kg",RAFAEL CISTERNAS,53 Kg,RAUL MONTESINO,"5 1/2 cpos.",16,31.6
11,6º,6,SABIO MENTOR,IMPERIA II,MILLAR M PATRICIO,"468Kg",RODRIGO PAINEN,54 Kg,JOHN PINOCHET,"6 1/4 cpos.",16,8.7
11,7º,8,SIN PREJUICIOS,GOOD SAMARITAN (USA),LOS CABEZAS ALVAREZ,"447Kg",JORGE A. GONZALEZ,57 Kg,RAUL MONTESINO,"10 1/4 cpos.",19,8.3
11,8º,9,MISTER HEAD,DYLAN THOMAS,MARITA,"550Kg",JESUS TORO,54 Kg,ALDO PARRA D.,"14 cpos.",17,8
11,9º,2,REY ESCOCES,LOOKIN AT LUCKY,RIO QUILIMARI,"502Kg",JOAQUIN HERRERA,58 Kg,JUAN RODRIGUEZ R.,"22 1/4 cpos.",21,4.9
12,1º,7,PAPUDO CHROME,CALIFORNIA CHROME,GARAGE JCS,"463Kg",VICTOR MIRANDA,58 Kg,OSCAR SILVA S.,Ganador,28,4.6
12,2º,2,SOS DE BOCA,ROBERT BRUCE,CHARITO,"462Kg",KEVIN ESPINA,59 Kg,CRISTOBAL GONZALEZ M.,"1 3/4 cpos.",30,2.4
12,3º,5,FRAGMENTADO,DUBAI SKY,AMAPOLAS,"463Kg",NICOLAS MOLINA,57 Kg,RODRIGO QUIROZ,"3 1/2 cpos.",26,9.4
12,4º,3,FORBES,MALAGACY,MILLAR M PATRICIO,"550Kg",JORGE VERA,55 Kg,CLAUDIO BERNAL,"4 1/4 cpos",24,12.9
12,5º,9,FREUD WISH,MR SPEAKER,JUANITO ELSITA,"486Kg",WLADIMIR QUINTEROS,56 Kg,CARLOS GARCIA,"6 cpos.",25,15.1
12,6º,6,EL CASTI,CLOUD COMPUTING,BARROS NEGROS,"497Kg",JORGE ZUÑIGA,53 Kg,DOMINGO MATTE,"8 1/4 cpos.",22,19.2
12,7º,1,CI MANCHI FRATELO,INTERNATIONAL STAR (USA),REY SANTINO DIEZ,"460Kg",RAFAEL CISTERNAS,53 Kg,JOSE ARAYA B.,"9 cpos.",22,8
12,8º,4,EL ARRUGAO,DISTORTED ECONOMY,EL AROMO,"465Kg",RODOLFO FUENZALIDA,55 Kg,HECTOR MANRIQUEZ,"9 1/4 cpos.",24,11.2
12,9º,8,STORM TIGER,EXAGGERATOR,CHOLITO,"484Kg",RODOLFO S. DORES,58 Kg,ALVARO FERNANDEZ,"17 cpos.",28,3.3
13,1º,8,ENTRE NEGROS,CLASSIC EMPIRE (USA),DOÑA SOFIA,"458Kg",OSCAR ULLOA,57 Kg,PATRICIO BAEZA A.,Ganador,-,2.1
13,2º,11,A TODO VAPOR,CLASSIC EMPIRE (USA),CHOLITO,"491Kg",JESUS TORO,57 Kg,ALVARO FERNANDEZ,Cbza.,-6.1
13,3º,7,EL ATREVIDO,SPUN TO RUN (USA),GARAGE JCS,"444Kg",RODOLFO FUENZALIDA,57 Kg,OSCAR SILVA S.,"3 1/2 cpos.",-33.4
13,4º,2,CHIVAGGO,LOOKIN AT LUCKY,STUD LA NONNA LTDA.,"495Kg",JORGE A. GONZALEZ,57 Kg,JULIO ORELLANA,"4 cpos.",-3.6
13,5º,12,EL NANY,FLAMEAWAY (CAN),DAMYANTO,"441Kg",PEDRO ROBLES,57 Kg,JOHN PINOCHET,"4 1/2 cpos.",-54
13,6º,4,MUY ADMIRADO,ADMIRAL,MAULINO,"495Kg",GERARD RODRIGUEZ,57 Kg,JOAO CASTILLO L.,"5 1/2 cpos.",-11.2
13,7º,14,JOHN DUTTON,ROBERT BRUCE,LIGURIA,"470Kg",HUGO OCHOA,57 Kg,RODRIGO SANCHEZ,"6 1/4 cpos.",-5.9
13,8º,3,PISANELLO,CLASSIC EMPIRE (USA),VINCERE,"449Kg",IGNACIO VALDIVIA,57 Kg,PATRICIO BAEZA A.,"7 1/2 cpos.",-21.6
13,9º,9,LUSSO,LOOKIN AT LUCKY,DOÑA LILI,"531Kg",RAFAEL CISTERNAS,57 Kg,CARLOS RABY,"8 1/4 cpos.",-42.3
13,10º,10,GRANDE TATA REY,CUNCO (IRE),TATA REY,"429Kg",SEBASTIAN GONZALEZ,57 Kg,RODRIGO QUIROZ,"9 3/4 cpos.",-29.6
13,11º,5,LUPO CATTIVO,LOOKIN AT LUCKY,TOBE,"459Kg",JAIME MEDINA,57 Kg,CARLOS RABY,"11 1/2 cpos.",10,16.8
13,12º,1,SEVEN POINTS,DUBAI SKY,MALCIB,"428Kg",RONALD FOURNET,53 Kg,RODRIGO QUIROZ,"11 1/2 cpos.",-52.7
13,13º,6,SIMONE BULL,FLAMEAWAY (CAN),SHOT MENZEL,"421Kg",BASTIAN SOTO,57 Kg,JOSE ARAYA B.,"15 1/2 cpos.",-96.3
13,14º,13,TRASCATRASCA,BAD DADDY,MUNDO FUTURO H.,"468Kg",VICTOR MIRANDA,57 Kg,JOSE INDA DE LA C.,"35 3/4 cpos.",-51.9
14,1º,6,SUPERAME,MENDELSSOHN (USA),STUD MARENGA,"453Kg",OSCAR ULLOA,58 Kg,PATRICIO BAEZA A.,Ganador,23,3.9
14,2º,1,SORRISI,LOOKIN AT LUCKY,STUD DOÑA ELIANA,"456Kg",JAIME MEDINA,54 Kg,PATRICIO BAEZA A.,"1 1/2 cpos.",17,8.1
14,3º,3,SELVA BELLA,MENDELSSOHN (USA),STUD LA NONNA LTDA.,"456Kg",RAFAEL CISTERNAS,54 Kg,JULIO ORELLANA,"3 cpos.",14,4
14,4º,2,BLUE FOR EVER,CLASSIC EMPIRE (USA),SUPER SUPER,"433Kg",IGNACIO VALDIVIA,54 Kg,RODRIGO SANCHEZ,"3 1/2 cpos.",13,29
14,5º,5,MISIA NONI,FLAMEAWAY (CAN),ANY,"441Kg",FABIAN MEDINA,54 Kg,CRISTIAN URBINA,"5 cpos.",20,23.4
14,6º,11,BEIJING CRISTAL,ROBERT BRUCE,LOS TOCORNAL,"476Kg",WLADIMIR QUINTEROS,54 Kg,RODRIGO SANCHEZ,"7 cpos.",15,19.9
14,7º,9,ON LOOK,LOOKIN AT LUCKY,STUD MARENGA,"434Kg",JORGE A. GONZALEZ,58 Kg,JULIO ORELLANA,"9 3/4 cpos.",19,3.3
14,8º,12,GOOD TEMPTATION,GOOD SAMARITAN (USA),JUJUY,"454Kg",NICOLAS RAMIREZ,54 Kg,MARIO RABAJILLE D.,"9 3/4 cpos.",17,10.2
14,9º,7,BRUNELLI,CLASSIC EMPIRE (USA),VENDAVAL,"441Kg",HUGO OCHOA,54 Kg,RODRIGO SANCHEZ,"10 1/4 cpos.",16,7.4
14,10º,4,SACANNE,MENDELSSOHN (USA),STUD EL MIRADOR,"441Kg",NICOLAS SANTIBAÑEZ,54 Kg,JULIO ORELLANA,"10 1/4 cpos.",18,22
14,11º,10,LA POLITO,UMAMICHI,MIS RECUERDOS,"483Kg",RICARDO SOLORZA,54 Kg,JUAN CAVIERES,"13 1/2 cpos.",14,51.9
14,12º,8,GRAN PRIMA,PAPELON,EL PEÑON,"461Kg",RODOLFO S. DORES,54 Kg,DOMINGO MATTE,"21 cpos.",12,32.7
14,13º,13,UQUIA,GOOD SAMARITAN (USA),JUJUY,"444Kg",SEBASTIAN GONZALEZ,54 Kg,MARIO RABAJILLE D.,"25 cpos.",14,19.4
15,1º,7,JE T'AIME,CUPID,TAMARA AGUSTINA,"426Kg",GERARD RODRIGUEZ,57 Kg,SERGIO MORALES,Ganador,8,5.6
15,2º,4,CHICA DEL LUCERO,STAR DABBLER,EL VEINTITRES,"430Kg",NICOLAS MOLINA,55 Kg,CLAUDIO BERNAL,pczo.,6,53
15,3º,11,KANDOZI,IVAN DENISOVICH,MONTESINO S. RAUL,"468Kg",SEBASTIAN GONZALEZ,60 Kg,RAUL MONTESINO,"1 cpo.",9,3.1
15,4º,1,SCANDINAVA,DYLAN THOMAS,JUAN PATRICIO,"452Kg",RODOLFO S. DORES,55 Kg,ANDRES BERNAL,"5 cpos.",6,4.6
15,5º,6,LA PALA,FLAMEAWAY (CAN),BOTAFOGO,"500Kg",NICOLAS RAMIREZ,54 Kg,OSCAR SILVA S.,"5 1/2 cpos.",5,36
15,6º,9,KOLETTE,EXAGGERATOR,PREEMINENCIA,"403Kg",JORGE VERA,56 Kg,RAUL MONTESINO,"6 3/4 cpos.",7,50.2
15,7º,8,MUY TEMPERADA,DISTORTED ECONOMY,PANADERO,"412Kg",DARIEN CHEUQUE,58 Kg,ALBERTO GONZALEZ,"10 cpos.",8,28.4
15,8º,10,TARUGUITA,EXAGGERATOR,COMO LO QUERI,"455Kg",RODOLFO FUENZALIDA,56 Kg,JOSE T. ALLENDE,"10 cpos.",8,6.9
15,RT,5,BEL FIOR,CONSTITUTION,BAEMAR,"-",RODRIGO PAINEN,56 Kg,JOSE ARAYA B.,-,-7
15,RT,3,QUEEN ANY,CLOUD COMPUTING,QUE RECUERDOS,"-",N.N.,55 Kg,RAUL MONTESINO,-,-6
15,RT,2,CAPITANA MARVEL,INTERNATIONAL STAR (USA),LO CAMPO,"-",WLADIMIR QUINTEROS,57 Kg,OLIVERIO MARTINEZ,-,-8
16,1º,5,BREGO,BAD DADDY,SHOT MENZEL,"464Kg",BASTIAN SOTO,56 Kg,JOSE ARAYA B.,Ganador,16,19.2
16,2º,4,GRIEZMANN,MASTERCRAFTSMAN,MATTE D. DOMINGO,"454Kg",RODOLFO S. DORES,56 Kg,DOMINGO MATTE,pczo.,16,7
16,3º,7,ROSY L'AMORE,FLAMEAWAY (CAN),ESMIRNA,"472Kg",KEVIN ESPINA,58 Kg,PATRICIO BAEZA A.,"1 3/4 cpos.",18,6.7
16,4º,3,MATE AMARGO,AHORA II,MI CHICA MAÑOSA,"433Kg",RODRIGO PAINEN,55 Kg,JOSE ARAYA B.,"2 cpos",15,13.1
16,5º,11,SIETE DE ABRIL,CONSTITUTION,SUPER SUPER,"447Kg",JONATHAN A. CASTILLO,60 Kg,RODRIGO SANCHEZ,"2 1/4 cpos",22,4.2
16,6º,1,SATOSHI,KINGLY (USA),DOSSETTO,"467Kg",VICTOR MIRANDA,59 Kg,GENARO COVARRUBIAS,"3 cpos.",15,4.6
16,7º,8,BARBIE DREAMS,LAYMAN,VIEJA POLLA,"463Kg",NICOLAS RAMIREZ,57 Kg,RODRIGO MUÑOZ,"4 cpos.",17,7.4
16,8º,9,DOBLE NEGRO,LOOKIN AT LUCKY,ABUELA OCA,"534Kg",NICOLAS SANTIBAÑEZ,56 Kg,DANIEL CONTRERAS,"4 cpos.",16,7.8
16,9º,2,RAIRET,DYLAN THOMAS,CHARITO,"431Kg",JAIME MEDINA,58 Kg,CRISTOBAL GONZALEZ M.,"4 cpos.",18,5.8
16,10º,6,ALTO FOREVER,IVAN DENISOVICH,PALESTINA,"484Kg",SEBASTIAN GONZALEZ,54 Kg,JOAO CASTILLO L.,"4 1/4 cpos",14,24.5
16,11º,14,TODAS MIENTEN,CROSS TRAFFIC,EL MERO MERO,"400Kg",JOSE PAREDES,58 Kg,JOSE ARAYA B.,"9 cpos.",17,49.5
16,12º,10,GRAN ROBERT,GRAND DADDY,VIEJA POLLA,"459Kg",RODOLFO FUENZALIDA,56 Kg,RODRIGO MUÑOZ,"10 1/4 cpos.",17,25.8
16,13º,13,NOTORIOUS LOVER,CUPID,MATTE D. DOMINGO,"448Kg",NICOLAS MOLINA,54 Kg,DOMINGO MATTE,"18 1/4 cpos.",14,33.4
16,RT,12,ZULEMA ZAHIR,WAR COMMAND,EL MERO MERO,"-",JESUS REYES,57 Kg,JOSE ARAYA B.,-,-18
16,RT,15,LA ALU,FLAMEAWAY (CAN),BOTAFOGO,"-",IGNACIO VALDIVIA,56 Kg,OSCAR SILVA S.,-,-16
17,1º,2,BALDER EL NORUEGO,STEVIE WONDERBOY,SOL DE NORUEGA,"481Kg",RODOLFO FUENZALIDA,57 Kg,ANDRES BERNAL,Ganador,13,10.6
17,2º,12,CLAU THE GOLD,DUBAI SKY,LADY MANCHAS NEGRAS,"485Kg",NICOLAS RAMIREZ,57 Kg,JOSE ARAYA B.,"1 cpo.",13,4
17,3º,11,ARTHUR SHELBY,GRAND DADDY,EL MERO MERO,"446Kg",RODRIGO PAINEN,57 Kg,JOSE ARAYA B.,"4 cpos.",13,8.7
17,4º,5,MI NIETO FRANK,FRANK CONVERSATION (USA),LOS MAGUITOS,"441Kg",RAFAEL CISTERNAS,56 Kg,RAUL MONTESINO,"4 cpos.",12,5.7
17,5º,6,EL LEGENDARIO,MO TOWN,LOS KAROL'S,"445Kg",NICOLAS SANTIBAÑEZ,54 Kg,CLAUDIO BERNAL,"4 cpos.",10,16.2
17,6º,9,UNDER THE LIGHT,MENDELSSOHN (USA),PROFEPABLO,"430Kg",BASTIAN SOTO,56 Kg,RAUL MONTESINO,"4 cpos.",12,23.8
17,7º,7,CALOCHITA,IVAN DENISOVICH,PALESTINA,"488Kg",SEBASTIAN GONZALEZ,57 Kg,JOAO CASTILLO L.,"5 1/4 cpos.",13,4.8
17,8º,3,SORELLA DEL KING,DUBAI SKY,ALVIDAL,"441Kg",JAIME MEDINA,55 Kg,RODRIGO SANCHEZ,"5 3/4 cpos.",11,6.9
17,9º,4,PETIROSSA,IVAN DENISOVICH,MONTESINO S. RAUL,"441Kg",JORGE VERA,59 Kg,RAUL MONTESINO,"5 3/4 cpos.",11,22.2
17,10º,10,CROCKED,FLAMEAWAY (CAN),TOTAL G,"446Kg",HUGO OCHOA,56 Kg,RODRIGO SANCHEZ,"9 cpos.",12,7.2
17,11º,1,CRYSTALITA,SEEKING THE DIA,LABRADOR,"441Kg",NICOLAS MOLINA,54 Kg,JOSE ARAYA B.,"9 3/4 cpos.",10,7.7
17,12º,8,SULTAN GUERRERO,VAN NISTELROOY,YAYITA,"468Kg",LUIS GONZALEZ,56 Kg,RAUL MONTESINO,"12 cpos.",13,92.9
17,13º,13,SISI STAR,MENDELSSOHN (USA),LOS CABEZAS ALVAREZ,"423Kg",JESUS REYES,54 Kg,RAUL MONTESINO,"12 cpos.",10,95.7
17,14º,14,DEAR SISTER,MO TOWN,SOBARZO DE G MONICA,"444Kg",DARIEN CHEUQUE,55 Kg,ALBERTO GONZALEZ,"12 3/4 cpos.",12,61.4
18,1º,11,ACHAPLINA,SEEKING THE DIA,PEÑA P. WALESKA,"402Kg",BASTIAN SOTO,56 Kg,WALESKA PEÑA,Ganador,6,8.2
18,2º,7,EL SOM CENTAURO,IRON CLAD,MIS DOS AMORES,"461Kg",JAVIER I. GUAJARDO,60 Kg,SERGIO ALVARADO P.,"1 cpo.",6,1.7
18,3º,13,QUARTARELLA,EXAGGERATOR,YAYITA,"437Kg",RAFAEL CISTERNAS,52 Kg,RAUL MONTESINO,"3 cpos.",4,32.6
18,4º,3,VOLANTE MIXTO,LAYMAN,FRANCISCO FAUNDEZ,"462Kg",NICOLAS SANTIBAÑEZ,56 Kg,FRANCISCO FAUNDEZ LL,"3 cpos.",3,4.9
18,5º,1,VUELVE LA FARRA,EL FARRERO,JOTABE,"443Kg",HUGO OCHOA,57 Kg,RODRIGO SILVA S.,"4 cpos.",4,5.8
18,6º,8,RODELINDO CRACK,EXAGGERATOR,CARREÑO R. ENRIQUE,"-",JOSE VILLABLANCA,54 Kg,ENRIQUE CARREÑO,"4 cpos.",4,32
18,7º,2,DOLCE AMARENA,ROBERT BRUCE,EL TORO BAYO,"444Kg",JESUS PIMENTEL,57 Kg,MIGUEL MEDINA,"4 cpos.",4,26.7
18,8º,12,PACIFICADOR,DANGEROUS MIDGE,LO CAMPO,"412Kg",WLADIMIR QUINTEROS,57 Kg,OLIVERIO MARTINEZ,"7 1/2 cpos.",4,25.5
18,9º,5,AKISI,DANCE BRIGHTLY,FRITZI,"476Kg",MIGUEL GUTIERREZ,55 Kg,ANGEL JAQUE S.,"7 3/4 cpos.",5,10.4
18,10º,10,TAO PRIZE,PURE PRIZE,SOBARZO DE G MONICA,"511Kg",DARIEN CHEUQUE,56 Kg,ALBERTO GONZALEZ,"9 3/4 cpos.",6,58.1
18,11º,15,TANGO,INTERNATIONAL STAR (USA),SAGARDIA HNOS.,"473Kg",JOSE SOLANO,56 Kg,OSCAR SILVA G.,"11 1/4 cpos.",6,8.6
18,12º,6,TORNADO DE BULI,DISTORTED ECONOMY,PANADERO,"384Kg",JUAN M. SOTO,53 Kg,ALBERTO GONZALEZ,"25 1/2 cpos.",3,131.9
18,RT,14,HAMM GOOD,GOOD SAMARITAN (USA),TETITO IGNACIO,"-",RODRIGO PAINEN,55 Kg,SERGIO MORALES,-,-5
18,RT,9,DI LA VERDAD ROSA,LAYMAN,FRANCISCO FAUNDEZ,"-",RICARDO SOLORZA,55 Kg,FRANCISCO FAUNDEZ LL,-,-4
18,RT,4,JAVIVALETU,EXAGGERATOR,LLEGO EL TALENTO,"-",N.N.,54 Kg,GENARO COVARRUBIAS,-,-3